No,カテゴリ,商品名,説明・特徴,数量
1,チェアパッド,丸型チェアパッド,ブラック / 折りたたみ可能な円形クッション,1
2,ソファ,2人掛けソファ,グレーファブリック / 木製脚,1
3,クッション,クッション(無地),アイボリー / リブ編みファブリック,1
4,クッション,クッション(柄物),ブラック&ホワイト チェック柄,1
5,照明,天井照明,ブラック / 3灯アーム型スポットライト,1
6,収納,本棚,3×3キューブ型オープンシェルフ / ブラウン木目,1
7,照明,テーブルランプ,ブラック台座 / クリアガラスシェード(ランタン型),1
8,デコレーション,アートポスター,ブラック&ホワイト抽象アート,1
9,デコレーション,デコレーションボウル/ベース,ストライプ柄 ブラック&ホワイト,2
10,デコレーション,観葉植物,グリーンプランター(リブ入り鉢)付き,1
11,スツール,収納スツール,ヘキサゴン型 / ダークグレー / 収納付き,1
12,テーブル,こたつテーブル,木製 楕円形 / 引き出し付き,1
13,ラグ,ラグ,バーントオレンジ / 長方形,1
14,テレビ台・収納,アイアン×ウッド収納シェルフ,ブラック アイアンフレーム / 木製天板 / メッシュ扉,3
